Column,Statistic,P-value,r,FDR_P-value
2,9238.0,0.04686777735738443,-0.11615094653583602,0.0656148883003382
1,11297.0,0.39094457825931717,0.050159762029731686,0.39094457825931717
3,12250.0,0.02959060864572574,0.1271360151929109,0.05178356513002005
4,8610.0,0.0042931946079964685,-0.16687611651115244,0.010017454085325093
6,12859.0,0.002548403547919039,0.17632650645878306,0.008919412417716637
7,9634.0,0.14987133308262987,-0.08416501132847087,0.17484988859640152
5,14807.0,1.1241629756360505e-08,0.3336714604586499,7.869140829452354e-08
