Column,Statistic,P-value,r,FDR_P-value
2,7566.0,0.5081826677204548,0.04259321701527608,0.5081826677204548
3,5725.0,0.006072382976986303,-0.17644061685378332,0.02428953190794521
1,7721.0,0.34285072638956227,0.061034414326359296,0.39182940158807117
4,6431.0,0.15067101082867942,-0.09244393748846233,0.24107361732588709
8,10253.0,1.7522768294984144e-08,0.36228029556289293,1.4018214635987315e-07
7,8330.0,0.03792163530061409,0.13349047343893788,0.07584327060122818
6,5823.0,0.010392893321729848,-0.1647810211345178,0.027714382191279596
5,7827.0,0.2523184180921667,0.07364581377780977,0.3364245574562223
