Column,Statistic,P-value,r,FDR_P-value
2,8754.0,0.00789153323703029,-0.15524486734483783,0.014204759826654522
1,12807.0,0.003222900939691286,0.172126333148725,0.009668702819073859
4,13229.0,0.0004169804132092843,0.20621235501111915,0.0018764118594417794
5,7302.0,3.0977998339315257e-06,-0.27252662977184333,2.788019850538373e-05
9,9936.0,0.30657483978192157,-0.059771697104672214,0.3448966947546618
3,11858.0,0.10235381836339352,0.09547317024016563,0.13884822098421085
8,10893.0,0.7646847816872199,0.017527646313126855,0.7646847816872199
6,9513.0,0.10799306076549733,-0.09393849153072134,0.13884822098421085
7,12616.0,0.007327956955630715,0.15669877349062716,0.014204759826654522
