Column,Statistic,P-value,r,FDR_P-value
1,10908.0,0.7489128219565844,0.01873923476795129,0.7489128219565844
3,9619.0,0.1440920148011648,-0.08537659978329531,0.20403580144185632
4,9531.0,0.1135605690608923,-0.09248458538493201,0.20403580144185632
2,11710.0,0.15302685108139225,0.08351883081923117,0.20403580144185632
