Column,Statistic,P-value,r,FDR_P-value
2,11933.0,0.08234453370620548,0.10153111251428781,0.13175125392992876
1,11333.0,0.36404765226985736,0.05306757432131034,0.43725786140240974
3,8908.0,0.014535397799192558,-0.14280589254197362,0.03876106079784682
4,8583.0,0.0038145974807788615,-0.1690569757298364,0.015258389923115446
6,12365.0,0.019568042988403457,0.1364248600132316,0.039136085976806914
7,10044.0,0.38260062872710854,-0.05104826022993627,0.43725786140240974
5,11171.0,0.4941661178556175,0.03998241900920642,0.4941661178556175
8,8292.0,0.0009826756229049502,-0.1925617917534305,0.007861404983239602
