Column,Statistic,P-value,r,FDR_P-value
2,6254.0,0.07760388499764562,-0.11350259506305413,0.13580679874587984
1,7899.0,0.20125148024050876,0.08221204736747423,0.28175207233671223
3,7550.0,0.5273497860719776,0.0406896095509062,0.5273497860719776
4,5060.0,7.047927668787499e-05,-0.2555593020916565,0.00016445164560504165
6,9538.0,1.6215162343283893e-05,0.2772128369988639,5.675306820149363e-05
7,7569.0,0.5046279846244867,0.04295014341484543,0.5273497860719776
5,9746.0,2.6469914867957316e-06,0.3019597340356723,1.8528940407570124e-05
