Column,Statistic,P-value,r,FDR_P-value
1,12482.0,0.012549936666090436,0.1458752499608622,0.028237357498703482
2,11287.0,0.3986248774677843,0.049352036393182065,0.44845298715125737
3,8554.0,0.0033549359471536783,-0.17139938007583033,0.010615930258127283
4,8480.0,0.002401320280096437,-0.17737654978629758,0.010615930258127283
5,11623.0,0.19065799550989482,0.07649161778124945,0.2451317085127219
8,9383.0,0.07393487120685319,-0.10443892480586646,0.13308276817233572
7,11856.0,0.10293647187721516,0.0953116251128557,0.15440470781582274
6,10264.0,0.5693949594312554,-0.03327829622584453,0.5693949594312554
9,8566.0,0.0035386434193757604,-0.1704301093119708,0.010615930258127283
