Column,Statistic,P-value,r,FDR_P-value
2,11712.0,0.1522325290995826,0.08368037594654111,0.20297670546611013
1,9122.0,0.031723672937227804,-0.12552056391981167,0.06344734587445561
3,10758.0,0.9102824029464323,0.006623350219706922,0.9102824029464323
4,11109.0,0.5498557242099622,0.03497452006259875,0.6284065419542425
5,9240.0,0.04717464598879435,-0.1159894014085261,0.07547943358207096
8,12437.0,0.014929635449177945,0.14224048459638888,0.03981236119780785
7,13362.0,0.00020482973470961518,0.21695510597722917,0.0008193189388384607
6,7911.0,0.00013225933137667084,-0.2233361385059712,0.0008193189388384607
