Column,Statistic,P-value,r,FDR_P-value
1,12400.0,0.017176027242318984,0.1392518997411553,0.03496327165747733
2,11254.0,0.42460721729551354,0.0466865417925683,0.5459235650942317
3,8985.0,0.019424039809709626,-0.13658640514054152,0.03496327165747733
4,8703.0,0.006387666461822967,-0.1593642680912409,0.025171485356048715
9,9640.0,0.15223194241871357,-0.08368037594654111,0.22834791362807036
6,6889.0,1.6477534415658084e-07,-0.3058856985613428,1.4829780974092275e-06
5,10935.0,0.7207900481304768,0.020920093986635278,0.8108888041467864
7,10847.0,0.813639023578511,0.01381210838499858,0.813639023578511
8,12583.0,0.008390495118682905,0.15403327889001342,0.025171485356048715
