Column,Statistic,P-value,r,FDR_P-value
2,12022.0,0.06284362741092726,0.10871987067957947,0.0942654411163909
1,11522.0,0.24240701303709344,0.06833358885209824,0.31166615961912014
4,9241.0,0.04732889789036642,-0.11590862884487113,0.08519201620265955
3,8962.0,0.017831826792046087,-0.13844417410460566,0.050602425272675985
6,10414.0,0.7176875159358056,-0.021162411677600163,0.7176875159358056
7,10325.0,0.627958095794499,-0.028351169842891825,0.7064528577688114
5,12507.0,0.01137831298346803,0.14789456405223628,0.050602425272675985
8,9025.0,0.022489966787855992,-0.133355502594343,0.050602425272675985
9,8159.0,0.0005026742328444369,-0.20330454271954052,0.0045240680955999325
