Column,Statistic,P-value,r,FDR_P-value
2,10634.0,0.9542440215989378,-0.0033924476735084233,0.9542440215989378
1,13715.0,2.6569048673828395e-05,0.24546782094743091,0.00015941429204297038
4,9371.0,0.07129269905871523,-0.105408195569726,0.10693904858807285
3,8771.0,0.008459220712690733,-0.15387173376270347,0.024710804683158876
5,11669.0,0.1699876332208441,0.08020715570937773,0.2039851598650129
6,8866.0,0.012355402341579438,-0.14619834021548203,0.024710804683158876
