Column,Statistic,P-value,r,FDR_P-value
1,6932.0,0.6101191481672901,-0.03283722876038044,0.6101191481672901
3,8564.0,0.012114450023822823,0.16133073260534736,0.024228900047645646
4,8408.0,0.026414441140522223,0.14277055982774103,0.03521925485402963
2,5821.0,0.010282872336785402,-0.16501897206756402,0.024228900047645646
