Column,Statistic,P-value,r,FDR_P-value
2,7008.0,0.711947916037218,-0.023795093304623507,0.8136547611853919
1,5954.0,0.020340404372230947,-0.14919523501998938,0.05409733369467721
3,7316.0,0.8422908797808225,0.012849350384496696,0.8422908797808225
4,7655.0,0.4085808686848559,0.05318203353583354,0.5447744915798078
5,6449.0,0.1603630112454858,-0.0903023790910462,0.25658081799277727
8,8704.0,0.005641478875343286,0.17798729791858384,0.022565915501373143
7,9765.0,2.227171798612918e-06,0.3042202678996116,1.7817374388903345e-05
6,6013.0,0.027048666847338605,-0.14217568249512547,0.05409733369467721
