Column,Statistic,P-value,r,FDR_P-value
2,12531.0,0.010346193248076618,0.14983310557995536,0.04138477299230647
4,10860.0,0.7997212472612809,0.014862151712513092,0.7997212472612809
1,10480.0,0.7869301849369886,-0.01583142247637264,0.7997212472612809
7,11311.0,0.38034379405630325,0.05129057792090116,0.7606875881126065
3,8532.0,0.003040519033689249,-0.1731763764762395,0.024324152269513993
8,11407.0,0.31249904768855363,0.05904474403177756,0.7606875881126065
6,10228.0,0.5361039131423326,-0.036186108517423175,0.7806037161521747
5,10281.0,0.5854527871141311,-0.03190516264371017,0.7806037161521747
