Column,Statistic,P-value,r,FDR_P-value
2,12618.0,0.007267638215814042,0.1568603186179371,0.025436733755349147
1,11617.0,0.1934847080630756,0.07600698239931968,0.22573215940692154
4,9428.0,0.08456385110116688,-0.10080415944139315,0.14798673942704205
3,8980.0,0.019067648461582182,-0.13699026795881633,0.04449117974369176
6,11785.0,0.12537034450661091,0.08957677309335337,0.17551848230925526
7,8684.0,0.005896880584272661,-0.1608989468006852,0.025436733755349147
5,11079.0,0.5778703198965953,0.03255134315294987,0.5778703198965953
