Column,Statistic,P-value,r,FDR_P-value
2,11989.0,0.06957466915796709,0.1060543760789657,0.09276622554395612
1,12198.0,0.03541061718299232,0.12293584188285285,0.07082123436598464
3,10043.0,0.3818474972704863,-0.05112903279359124,0.3818474972704863
4,9653.0,0.15744643303178818,-0.08263033261902658,0.17993878060775792
6,8775.0,0.008597787321804311,-0.15354864350808364,0.034391149287217246
5,9343.0,0.06542807695693255,-0.10766982735206496,0.09276622554395612
7,12245.0,0.03011184602106051,0.1267321523746361,0.07082123436598464
8,7622.0,2.4237787654328332e-05,-0.24667940940225536,0.00019390230123462665
